source_id	derivative_id	subject_id	session_id	output_num	output_size	nifti_num	nifti_size	html_num
ds003020	MRIQC-23.0.1	sub-UTS01	ses-1	9	0	0	0	0
ds003020	MRIQC-23.0.1	sub-UTS01	ses-2	6	0	0	0	0
ds003020	MRIQC-23.0.1	sub-UTS01	ses-3	6	0	0	0	0
ds003020	MRIQC-23.0.1	sub-UTS01	ses-4	6	0	0	0	0
ds003020	MRIQC-23.0.1	sub-UTS01	ses-5	7	0	0	0	0
ds003020	MRIQC-23.0.1	sub-UTS01	ses-6	6	0	0	0	0
ds003020	MRIQC-23.0.1	sub-UTS01	ses-7	1	0	0	0	0
ds003020	MRIQC-23.0.1	sub-UTS02	ses-1	1	0	0	0	0
ds003020	MRIQC-23.0.1	sub-UTS02	ses-2	6	0	0	0	0
ds003020	MRIQC-23.0.1	sub-UTS02	ses-3	6	0	0	0	0
ds003020	MRIQC-23.0.1	sub-UTS02	ses-4	6	0	0	0	0
ds003020	MRIQC-23.0.1	sub-UTS02	ses-5	7	0	0	0	0
ds003020	MRIQC-23.0.1	sub-UTS02	ses-6	6	0	0	0	0
ds003020	MRIQC-23.0.1	sub-UTS03	ses-1	8	0	0	0	0
ds003020	MRIQC-23.0.1	sub-UTS03	ses-2	6	0	0	0	0
ds003020	MRIQC-23.0.1	sub-UTS03	ses-3	6	0	0	0	0
ds003020	MRIQC-23.0.1	sub-UTS03	ses-4	6	0	0	0	0
ds003020	MRIQC-23.0.1	sub-UTS03	ses-5	8	0	0	0	0
ds003020	MRIQC-23.0.1	sub-UTS03	ses-6	6	0	0	0	0
ds003020	MRIQC-23.0.1	sub-UTS04	ses-1	9	0	0	0	0
ds003020	MRIQC-23.0.1	sub-UTS04	ses-2	7	0	0	0	0
ds003020	MRIQC-23.0.1	sub-UTS04	ses-3	5	0	0	0	0
ds003020	MRIQC-23.0.1	sub-UTS04	ses-4	6	0	0	0	0
ds003020	MRIQC-23.0.1	sub-UTS04	ses-5	7	0	0	0	0
ds003020	MRIQC-23.0.1	sub-UTS04	ses-6	6	0	0	0	0
ds003020	MRIQC-23.0.1	sub-UTS05	ses-1	9	0	0	0	0
ds003020	MRIQC-23.0.1	sub-UTS05	ses-2	6	0	0	0	0
ds003020	MRIQC-23.0.1	sub-UTS05	ses-3	6	0	0	0	0
ds003020	MRIQC-23.0.1	sub-UTS05	ses-4	6	0	0	0	0
ds003020	MRIQC-23.0.1	sub-UTS05	ses-5	7	0	0	0	0
ds003020	MRIQC-23.0.1	sub-UTS05	ses-6	6	0	0	0	0
ds003020	MRIQC-23.0.1	sub-UTS05	ses-7	1	0	0	0	0
ds003020	MRIQC-23.0.1	sub-UTS06	ses-1	9	0	0	0	0
ds003020	MRIQC-23.0.1	sub-UTS06	ses-2	6	0	0	0	0
ds003020	MRIQC-23.0.1	sub-UTS06	ses-3	6	0	0	0	0
ds003020	MRIQC-23.0.1	sub-UTS06	ses-4	6	0	0	0	0
ds003020	MRIQC-23.0.1	sub-UTS06	ses-5	7	0	0	0	0
ds003020	MRIQC-23.0.1	sub-UTS06	ses-6	6	0	0	0	0
ds003020	MRIQC-23.0.1	sub-UTS06	ses-7	1	0	0	0	0
ds003020	MRIQC-23.0.1	sub-UTS07	ses-1	8	0	0	0	0
ds003020	MRIQC-23.0.1	sub-UTS07	ses-2	6	0	0	0	0
ds003020	MRIQC-23.0.1	sub-UTS07	ses-3	6	0	0	0	0
ds003020	MRIQC-23.0.1	sub-UTS07	ses-4	6	0	0	0	0
ds003020	MRIQC-23.0.1	sub-UTS07	ses-5	7	0	0	0	0
ds003020	MRIQC-23.0.1	sub-UTS07	ses-6	6	0	0	0	0
ds003020	MRIQC-23.0.1	sub-UTS07	ses-7	1	0	0	0	0
ds003020	MRIQC-23.0.1	sub-UTS08	ses-1	9	0	0	0	0
ds003020	MRIQC-23.0.1	sub-UTS08	ses-2	6	0	0	0	0
ds003020	MRIQC-23.0.1	sub-UTS08	ses-3	7	0	0	0	0
ds003020	MRIQC-23.0.1	sub-UTS08	ses-4	6	0	0	0	0
ds003020	MRIQC-23.0.1	sub-UTS08	ses-5	7	0	0	0	0
ds003020	MRIQC-23.0.1	sub-UTS08	ses-6	6	0	0	0	0
ds003020	fMRIPrep-23.0.1	sub-UTS01	ses-1	342	11104768245	138	10596583288	0
ds003020	fMRIPrep-23.0.1	sub-UTS01	ses-2	222	17679467680	90	17445128425	0
ds003020	fMRIPrep-23.0.1	sub-UTS01	ses-3	222	17676564661	90	17442800948	0
ds003020	fMRIPrep-23.0.1	sub-UTS01	ses-4	222	17638825093	90	17404458277	0
ds003020	fMRIPrep-23.0.1	sub-UTS01	ses-5	259	18716943563	105	18470323331	0
ds003020	fMRIPrep-23.0.1	sub-UTS01	ses-6	222	17594648613	90	17358533053	0
ds003020	fMRIPrep-23.0.1	sub-UTS01	ses-7	37	2450626495	15	2418785057	0
ds003020	fMRIPrep-23.0.1	sub-UTS02	ses-1	46	387445185	18	11987753	0
ds003020	fMRIPrep-23.0.1	sub-UTS02	ses-2	222	17910819868	90	17673234963	0
ds003020	fMRIPrep-23.0.1	sub-UTS02	ses-3	222	17820606286	90	17582342244	0
ds003020	fMRIPrep-23.0.1	sub-UTS02	ses-4	222	17906664746	90	17668833550	0
ds003020	fMRIPrep-23.0.1	sub-UTS02	ses-5	259	18922211583	105	18671090947	0
ds003020	fMRIPrep-23.0.1	sub-UTS02	ses-6	222	17962441781	90	17725184823	0
ds003020	fMRIPrep-23.0.1	sub-UTS03	ses-1	305	8675977734	123	8191199892	0
ds003020	fMRIPrep-23.0.1	sub-UTS03	ses-2	222	17414086085	90	17175367288	0
ds003020	fMRIPrep-23.0.1	sub-UTS03	ses-3	222	17373148751	90	17134518685	0
ds003020	fMRIPrep-23.0.1	sub-UTS03	ses-4	222	17258310258	90	17019055435	0
ds003020	fMRIPrep-23.0.1	sub-UTS03	ses-5	296	20620186515	120	20336704135	0
ds003020	fMRIPrep-23.0.1	sub-UTS03	ses-6	222	17268874708	90	17030192170	0
ds003020	fMRIPrep-23.0.1	sub-UTS04	ses-1	342	10642559849	138	10116503803	0
ds003020	fMRIPrep-23.0.1	sub-UTS04	ses-2	259	18738012481	105	18466214350	0
ds003020	fMRIPrep-23.0.1	sub-UTS04	ses-3	185	13485953875	75	13292609443	0
ds003020	fMRIPrep-23.0.1	sub-UTS04	ses-4	222	16700438783	90	16460839723	0
ds003020	fMRIPrep-23.0.1	sub-UTS04	ses-5	259	17752619347	105	17499194765	0
ds003020	fMRIPrep-23.0.1	sub-UTS04	ses-6	222	17072874452	90	16829806700	0
ds003020	fMRIPrep-23.0.1	sub-UTS05	ses-1	342	10536814612	138	10016627148	0
ds003020	fMRIPrep-23.0.1	sub-UTS05	ses-2	222	16446646102	90	16210114997	0
ds003020	fMRIPrep-23.0.1	sub-UTS05	ses-3	222	16435946074	90	16198856159	0
ds003020	fMRIPrep-23.0.1	sub-UTS05	ses-4	222	16417682165	90	16181150383	0
ds003020	fMRIPrep-23.0.1	sub-UTS05	ses-5	259	17414840599	105	17164026712	0
ds003020	fMRIPrep-23.0.1	sub-UTS05	ses-6	222	16587185078	90	16348579743	0
ds003020	fMRIPrep-23.0.1	sub-UTS05	ses-7	37	2263303316	15	2231392811	0
ds003020	fMRIPrep-23.0.1	sub-UTS06	ses-1	342	10856295418	138	10342421363	0
ds003020	fMRIPrep-23.0.1	sub-UTS06	ses-2	222	17167306626	90	16934483280	0
ds003020	fMRIPrep-23.0.1	sub-UTS06	ses-3	222	16936241083	90	16697591865	0
ds003020	fMRIPrep-23.0.1	sub-UTS06	ses-4	222	17090569851	90	16853144168	0
ds003020	fMRIPrep-23.0.1	sub-UTS06	ses-5	259	17883971482	105	17633195923	0
ds003020	fMRIPrep-23.0.1	sub-UTS06	ses-6	222	17102099868	90	16863700912	0
ds003020	fMRIPrep-23.0.1	sub-UTS06	ses-7	37	2335728644	15	2303433928	0
ds003020	fMRIPrep-23.0.1	sub-UTS07	ses-1	305	10121823255	123	9617041281	0
ds003020	fMRIPrep-23.0.1	sub-UTS07	ses-2	222	17806958424	90	17569518266	0
ds003020	fMRIPrep-23.0.1	sub-UTS07	ses-3	222	17541327327	90	17305324686	0
ds003020	fMRIPrep-23.0.1	sub-UTS07	ses-4	222	17472620095	90	17237388096	0
ds003020	fMRIPrep-23.0.1	sub-UTS07	ses-5	259	18949045445	105	18699128348	0
ds003020	fMRIPrep-23.0.1	sub-UTS07	ses-6	222	17770440411	90	17533627758	0
ds003020	fMRIPrep-23.0.1	sub-UTS07	ses-7	37	2424227075	15	2392034256	0
ds003020	fMRIPrep-23.0.1	sub-UTS08	ses-1	342	11412088894	138	10893462419	0
ds003020	fMRIPrep-23.0.1	sub-UTS08	ses-2	222	17586689418	90	17352062504	0
ds003020	fMRIPrep-23.0.1	sub-UTS08	ses-3	259	19904697024	105	19633437438	0
ds003020	fMRIPrep-23.0.1	sub-UTS08	ses-4	222	18157287813	90	17917325156	0
ds003020	fMRIPrep-23.0.1	sub-UTS08	ses-5	259	18462566817	105	18210555193	0
ds003020	fMRIPrep-23.0.1	sub-UTS08	ses-6	222	17797507931	90	17556076104	0
ds003020	fMRIPrep-23.0.1	sub-UTS01	ses-1	342	11104768245	138	10596583288	0
ds003020	fMRIPrep-23.0.1	sub-UTS01	ses-2	222	17679467680	90	17445128425	0
ds003020	fMRIPrep-23.0.1	sub-UTS01	ses-3	222	17676564661	90	17442800948	0
ds003020	fMRIPrep-23.0.1	sub-UTS01	ses-4	222	17638825093	90	17404458277	0
ds003020	fMRIPrep-23.0.1	sub-UTS01	ses-5	259	18716943563	105	18470323331	0
ds003020	fMRIPrep-23.0.1	sub-UTS01	ses-6	222	17594648613	90	17358533053	0
ds003020	fMRIPrep-23.0.1	sub-UTS01	ses-7	37	2450626495	15	2418785057	0
ds003020	fMRIPrep-23.0.1	sub-UTS02	ses-1	46	387445185	18	11987753	0
ds003020	fMRIPrep-23.0.1	sub-UTS02	ses-2	222	17910819868	90	17673234963	0
ds003020	fMRIPrep-23.0.1	sub-UTS02	ses-3	222	17820606286	90	17582342244	0
ds003020	fMRIPrep-23.0.1	sub-UTS02	ses-4	222	17906664746	90	17668833550	0
ds003020	fMRIPrep-23.0.1	sub-UTS02	ses-5	259	18922211583	105	18671090947	0
ds003020	fMRIPrep-23.0.1	sub-UTS02	ses-6	222	17962441781	90	17725184823	0
ds003020	fMRIPrep-23.0.1	sub-UTS03	ses-1	305	8675977734	123	8191199892	0
ds003020	fMRIPrep-23.0.1	sub-UTS03	ses-2	222	17414086085	90	17175367288	0
ds003020	fMRIPrep-23.0.1	sub-UTS03	ses-3	222	17373148751	90	17134518685	0
ds003020	fMRIPrep-23.0.1	sub-UTS03	ses-4	222	17258310258	90	17019055435	0
ds003020	fMRIPrep-23.0.1	sub-UTS03	ses-5	296	20620186515	120	20336704135	0
ds003020	fMRIPrep-23.0.1	sub-UTS03	ses-6	222	17268874708	90	17030192170	0
ds003020	fMRIPrep-23.0.1	sub-UTS04	ses-1	342	10642559849	138	10116503803	0
ds003020	fMRIPrep-23.0.1	sub-UTS04	ses-2	259	18738012481	105	18466214350	0
ds003020	fMRIPrep-23.0.1	sub-UTS04	ses-3	185	13485953875	75	13292609443	0
ds003020	fMRIPrep-23.0.1	sub-UTS04	ses-4	222	16700438783	90	16460839723	0
ds003020	fMRIPrep-23.0.1	sub-UTS04	ses-5	259	17752619347	105	17499194765	0
ds003020	fMRIPrep-23.0.1	sub-UTS04	ses-6	222	17072874452	90	16829806700	0
ds003020	fMRIPrep-23.0.1	sub-UTS05	ses-1	342	10536814612	138	10016627148	0
ds003020	fMRIPrep-23.0.1	sub-UTS05	ses-2	222	16446646102	90	16210114997	0
ds003020	fMRIPrep-23.0.1	sub-UTS05	ses-3	222	16435946074	90	16198856159	0
ds003020	fMRIPrep-23.0.1	sub-UTS05	ses-4	222	16417682165	90	16181150383	0
ds003020	fMRIPrep-23.0.1	sub-UTS05	ses-5	259	17414840599	105	17164026712	0
ds003020	fMRIPrep-23.0.1	sub-UTS05	ses-6	222	16587185078	90	16348579743	0
ds003020	fMRIPrep-23.0.1	sub-UTS05	ses-7	37	2263303316	15	2231392811	0
ds003020	fMRIPrep-23.0.1	sub-UTS06	ses-1	342	10856295418	138	10342421363	0
ds003020	fMRIPrep-23.0.1	sub-UTS06	ses-2	222	17167306626	90	16934483280	0
ds003020	fMRIPrep-23.0.1	sub-UTS06	ses-3	222	16936241083	90	16697591865	0
ds003020	fMRIPrep-23.0.1	sub-UTS06	ses-4	222	17090569851	90	16853144168	0
ds003020	fMRIPrep-23.0.1	sub-UTS06	ses-5	259	17883971482	105	17633195923	0
ds003020	fMRIPrep-23.0.1	sub-UTS06	ses-6	222	17102099868	90	16863700912	0
ds003020	fMRIPrep-23.0.1	sub-UTS06	ses-7	37	2335728644	15	2303433928	0
ds003020	fMRIPrep-23.0.1	sub-UTS07	ses-1	305	10121823255	123	9617041281	0
ds003020	fMRIPrep-23.0.1	sub-UTS07	ses-2	222	17806958424	90	17569518266	0
ds003020	fMRIPrep-23.0.1	sub-UTS07	ses-3	222	17541327327	90	17305324686	0
ds003020	fMRIPrep-23.0.1	sub-UTS07	ses-4	222	17472620095	90	17237388096	0
ds003020	fMRIPrep-23.0.1	sub-UTS07	ses-5	259	18949045445	105	18699128348	0
ds003020	fMRIPrep-23.0.1	sub-UTS07	ses-6	222	17770440411	90	17533627758	0
ds003020	fMRIPrep-23.0.1	sub-UTS07	ses-7	37	2424227075	15	2392034256	0
ds003020	fMRIPrep-23.0.1	sub-UTS08	ses-1	342	11412088894	138	10893462419	0
ds003020	fMRIPrep-23.0.1	sub-UTS08	ses-2	222	17586689418	90	17352062504	0
ds003020	fMRIPrep-23.0.1	sub-UTS08	ses-3	259	19904697024	105	19633437438	0
ds003020	fMRIPrep-23.0.1	sub-UTS08	ses-4	222	18157287813	90	17917325156	0
ds003020	fMRIPrep-23.0.1	sub-UTS08	ses-5	259	18462566817	105	18210555193	0
ds003020	fMRIPrep-23.0.1	sub-UTS08	ses-6	222	17797507931	90	17556076104	0
